{"components/amp/common/alert-error":"<div class=\"alertBox alertBox--error\">\n    <div class=\"alertBox-column alertBox-icon\">\n        <span class=\"icon\" aria-hidden=\"true\"><svg xmlns=\"http://www.w3.org/2000/svg\" width=\"24\" height=\"24\" viewBox=\"0 0 24 24\"><path d=\"M12 2C6.48 2 2 6.48 2 12s4.48 10 10 10 10-4.48 10-10S17.52 2 12 2zm1 15h-2v-2h2v2zm0-4h-2V7h2v6z\"></path></svg></span>\n    </div>\n    <p class=\"alertBox-column alertBox-message\">\n        <span>{{{this}}}</span>\n    </p>\n</div>\n","components/amp/common/alert-success":"<div class=\"alertBox alertBox--success\">\n    <div class=\"alertBox-column alertBox-icon\">\n        <span class=\"icon\" aria-hidden=\"true\"><svg xmlns=\"http://www.w3.org/2000/svg\" width=\"24\" height=\"24\" viewBox=\"0 0 24 24\"><path d=\"M12 2C6.48 2 2 6.48 2 12s4.48 10 10 10 10-4.48 10-10S17.52 2 12 2zm1 15h-2v-2h2v2zm0-4h-2V7h2v6z\"></path></svg></span>\n    </div>\n    <p class=\"alertBox-column alertBox-message\">\n        <span>{{{this}}}</span>\n    </p>\n</div>\n","components/amp/common/share":"{{#if settings.add_this.buttons}}\n    <ul class=\"socialLinks\" data-addthis:url=\"{{url}}\" data-addthis:title=\"{{title}}\">\n        {{#each settings.add_this.buttons}}\n            {{#all (if service '!==' 'google') (if service '!==' 'print') (if service '!==' 'facebook')}}\n                <li class=\"socialLinks-item socialLinks-item--{{service}}\">\n                  {{#if service '===' 'google_plusone'}}\n                        <amp-social-share class=\"amp-social-share\" data-vars-product-link=\"{{url}}\" data-vars-product-id=\"{{id}}\" data-vars-product-name=\"{{name}}\" data-vars-social-type=\"gplus\" type=\"gplus\"></amp-social-share>\n                    {{else}}\n                        <amp-social-share class=\"amp-social-share\" data-vars-product-link=\"{{url}}\" data-vars-product-id=\"{{id}}\" data-vars-product-name=\"{{name}}\" data-vars-social-type=\"{{service}}\" type=\"{{service}}\"></amp-social-share>\n                  {{/if}}\n                </li>\n            {{/all}}\n        {{/each}}\n    </ul>\n{{/if}}\n","components/amp/products/product-view":"<div class=\"productView\">\n    {{#each product.reviews.messages}}\n        {{#if error}}\n            {{>components/amp/common/alert-error error}}\n        {{/if}}\n        {{#if success}}\n            {{>components/amp/common/alert-success success}}\n        {{/if}}\n    {{/each}}\n\n    {{> components/amp/products/product-view-details}}\n    <section class=\"productView-images\" data-image-gallery>\n        <amp-carousel width=\"250\"\n            height=\"250\"\n            layout=\"responsive\"\n            autoplay\n            delay=\"5000\"\n            type=\"slides\">\n            {{#each product.images}}\n                <amp-img src=\"{{getImage this 'product_size' (cdn ../theme_settings.default_image_product)}}\"\n                    width=\"250\"\n                    height=\"250\"\n                    layout=\"responsive\"\n                    alt=\"{{this.alt}}\">\n                </amp-img>\n            {{/each}}\n        </amp-carousel>\n    </section>\n    <div class=\"productView-action\">\n        {{#or customer (if theme_settings.restrict_to_login '!==' true)}}\n            {{#if product.options}}\n                <amp-iframe height=\"400\" width=\"250\"\n                    layout=\"responsive\"\n                    sandbox=\"allow-forms allow-pointer-lock allow-popups allow-same-origin allow-scripts allow-top-navigation allow-modals\"\n                    resizable\n                    sandbox=\"allow-scripts allow-forms allow-top-navigation\"\n                    src=\"{{product.amp_options_url}}\">\n                    <div class=\"button button--primary button--wide\" overflow tabindex=\"0\" role=\"button\">Choose Options</div>\n                </amp-iframe>\n            {{else}}\n                <a class=\"button button--primary button--wide\" role=\"button\" href=\"{{product.cart_url}}\">Add To Cart</a>\n            {{/if}}\n        {{/or}}\n        {{#if product.out_of_stock}}\n            {{#if product.out_of_stock_message}}\n                {{>components/amp/common/alert-error product.out_of_stock_message}}\n            {{else}}\n                {{>components/amp/common/alert-error (lang 'products.sold_out')}}\n            {{/if}}\n        {{/if}}\n    </div>\n\n    <amp-accordion class=\"productAccordion-wrapper\">\n        {{#if product.description}}\n            <section expanded class=\"productAccordion\">\n                <h4 class=\"productAccordion-title\">Description</h4>\n                <div class=\"productAccordion-content\">\n                    {{{product.description}}}\n                </div>\n            </section>\n        {{/if}}\n        {{#if product.videos.list.length}}\n            {{> components/amp/products/videos product.videos}}\n        {{/if}}\n        {{#if settings.show_product_reviews}}\n            {{> components/amp/products/reviews reviews=product.reviews product=product urls=urls}}\n        {{/if}}\n        {{#if settings.add_this.buttons}}\n            <section expanded class=\"productAccordion\">\n                <h4 class=\"productAccordion-title\">Share</h4>\n                <div class=\"productAccordion-content social-share\">\n                    {{> components/amp/common/share }}\n                </div>\n            </section>\n        {{/if}}\n    </amp-accordion>\n</div>\n","components/amp/products/product-view-details":"<section class=\"productView-details\">\n    <div class=\"productView-product\">\n        <h1 class=\"productView-title\" {{#if schema}}itemprop=\"name\"{{/if}}>{{product.title}}</h1>\n        {{#if product.brand }}\n        <h2 class=\"productView-brand\"{{#if schema}} itemprop=\"brand\" itemscope itemtype=\"http://schema.org/Brand\"{{/if}}>\n            <a href=\"{{product.brand.url}}\"{{#if schema}} itemprop=\"url\"{{/if}}><span{{#if schema}} itemprop=\"name\"{{/if}}>{{product.brand.name}}</span></a>\n        </h2>\n        {{/if}}\n        {{#if product.call_for_price}}\n            <p class=\"productView-price\">\n                <span>{{product.call_for_price}}</span>\n            </p>\n        {{/if}}\n        {{#if product.price}}\n            <div class=\"productView-price\">\n                {{> components/products/price price=product.price schema_org=schema}}\n            </div>\n        {{/if}}\n        {{product.detail_messages}}\n        {{#if settings.show_product_rating}}\n            {{> components/amp/products/ratings rating=product.rating}}\n        {{/if}}\n        <dl class=\"productView-info\">\n            {{#if product.sku}}\n                <dt class=\"productView-info-name\">{{lang 'products.sku'}}</dt>\n                <dd class=\"productView-info-value\" data-product-sku>{{product.sku}}</dd>\n            {{/if}}\n            {{#if product.upc}}\n                <dt class=\"productView-info-name\">{{lang 'products.upc'}}</dt>\n                <dd class=\"productView-info-value\" data-product-upc>{{product.upc}}</dd>\n            {{/if}}\n            {{#if product.condition}}\n                <dt class=\"productView-info-name\">{{lang 'products.condition'}}</dt>\n                <dd class=\"productView-info-value\">{{product.condition}}</dd>\n            {{/if}}\n            {{#if product.availability}}\n                <dt class=\"productView-info-name\">{{lang 'products.availability'}}</dt>\n                <dd class=\"productView-info-value\">{{product.availability}}</dd>\n            {{/if}}\n            {{#if product.weight}}\n                <dt class=\"productView-info-name\">{{lang 'products.weight'}}</dt>\n                <dd class=\"productView-info-value\" data-product-weight>{{product.weight}}</dd>\n            {{/if}}\n            {{#if product.min_purchase_quantity}}\n                <dt class=\"productView-info-name\">{{lang 'products.min_purchase_quantity'}}</dt>\n                <dd class=\"productView-info-value\">{{lang 'products.purchase_units' quantity=product.min_purchase_quantity}}</dd>\n            {{/if}}\n            {{#if product.max_purchase_quantity}}\n                <dt class=\"productView-info-name\">{{lang 'products.max_purchase_quantity'}}</dt>\n                <dd class=\"productView-info-value\">{{lang 'products.purchase_units' quantity=product.max_purchase_quantity}}</dd>\n            {{/if}}\n            {{#if product.gift_wrapping_available}}\n                <dt class=\"productView-info-name\">{{lang 'products.gift_wrapping'}}</dt>\n                <dd class=\"productView-info-value\">{{lang 'products.gift_wrapping_available'}}</dd>\n            {{/if}}\n            {{#if product.shipping}}\n                {{#if product.shipping.calculated}}\n                    <dt class=\"productView-info-name\">{{lang 'products.shipping'}}</dt>\n                    <dd class=\"productView-info-value\">{{lang 'products.shipping_calculated'}}</dd>\n                {{else}}\n                    {{#if product.shipping.price.value '===' 0}}\n                        <dt class=\"productView-info-name\">{{lang 'products.shipping'}}</dt>\n                        <dd class=\"productView-info-value\">{{lang 'products.shipping_free'}}</dd>\n                    {{else}}\n                        <dt class=\"productView-info-name\">{{lang 'products.shipping'}}</dt>\n                        <dd class=\"productView-info-value\">{{lang 'products.shipping_fixed' amount=product.shipping.price.formatted}}</dd>\n                    {{/if}}\n                {{/if}}\n            {{/if}}\n            {{#if product.bulk_discount_rates.length}}\n                <dt class=\"productView-info-name\">{{lang 'products.bulk_pricing.title'}}</dt>\n                <dd class=\"productView-info-value\">\n                    <a href=\"{{product.url}}\"\n                        {{#unless is_ajax }}data-reveal-id=\"bulkPricingModal\" {{/unless}}>\n                        {{lang 'products.bulk_pricing.view'}}\n                    </a>\n                </dd>\n\n                <div id=\"bulkPricingModal\" class=\"modal modal--small\" data-reveal>\n                    <div class=\"modal-header\">\n                        <h2 class=\"modal-header-title\">{{lang 'products.bulk_pricing.modal_title'}}</h2>\n                        <a href=\"#\" class=\"modal-close\" aria-label=\"Close\"><span aria-hidden=\"true\">&#215;</span></a>\n                    </div>\n                    <div class=\"modal-body\">\n                        <p>{{lang 'products.bulk_pricing.instructions'}}</p>\n                        <ul>\n                        {{#each product.bulk_discount_rates}}\n                            <li>\n                                {{lang 'products.bulk_pricing.range' min=min max=max}}\n                                {{#if type '===' 'percent'}}\n                                    {{lang 'products.bulk_pricing.percent' discount=discount.formatted}}\n                                {{/if}}\n                                {{#if type '===' 'fixed'}}\n                                    {{lang 'products.bulk_pricing.fixed' discount=discount.formatted}}\n                                {{/if}}\n                                {{#if type '===' 'price'}}\n                                    {{lang 'products.bulk_pricing.price' discount=discount.formatted}}\n                                {{/if}}\n                            </li>\n                        {{/each}}\n                        </ul>\n                    </div>\n                </div>\n            {{/if}}\n\n            {{#each product.custom_fields}}\n                <dt class=\"productView-info-name\">{{name}}:</dt>\n                <dd class=\"productView-info-value\">{{{value}}}</dd>\n            {{/each}}\n        </dl>\n    </div>\n</section>","components/amp/products/ratings":"{{#for 1 5}}\n    {{#if ../this.rating '>=' $index}}\n        <span class=\"icon icon--ratingFull\">\n            <svg xmlns=\"http://www.w3.org/2000/svg\" width=\"26\" height=\"28\" viewBox=\"0 0 26 28\"><path d=\"M0 10.11q0-.58.875-.72L8.72 8.25l3.515-7.11Q12.532.5 13 .5t.767.64l3.516 7.11 7.844 1.14q.875.14.875.72 0 .343-.406.75l-5.672 5.53 1.344 7.812q.016.11.016.313 0 .328-.164.555t-.477.227q-.297 0-.625-.187l-7.016-3.687-7.016 3.687q-.344.187-.625.187-.327 0-.49-.227t-.165-.555q0-.094.03-.313L6.08 16.39.392 10.86q-.39-.423-.39-.75z\"/></svg>\n        </span>\n    {{else}}\n        <span class=\"icon icon--ratingEmpty\">\n            <svg xmlns=\"http://www.w3.org/2000/svg\" width=\"26\" height=\"28\" viewBox=\"0 0 26 28\"><path d=\"M0 10.11q0-.58.875-.72L8.72 8.25l3.515-7.11Q12.532.5 13 .5t.767.64l3.516 7.11 7.844 1.14q.875.14.875.72 0 .343-.406.75l-5.672 5.53 1.344 7.812q.016.11.016.313 0 .328-.164.555t-.477.227q-.297 0-.625-.187l-7.016-3.687-7.016 3.687q-.344.187-.625.187-.327 0-.49-.227t-.165-.555q0-.094.03-.313L6.08 16.39.392 10.86q-.39-.423-.39-.75z\"/></svg>\n        </span>\n    {{/if}}\n{{/for}}\n{{{snippet 'product_rating'}}}\n","components/amp/products/reviews":"{{#if reviews.total}}\n    <section expanded class=\"productAccordion\">\n        <h4 class=\"productAccordion-title\">\n            {{lang 'products.reviews.header' total=reviews.total}}\n        </h4>\n        <div class=\"productAccordion-content\">\n            <ul class=\"productReviews-list\" id=\"productReviews-list\">\n                {{#each reviews.list}}\n                <li class=\"productReview\">\n                    <article itemprop=\"review\" itemscope itemtype=\"http://schema.org/Review\">\n                        <header>\n                            <span class=\"productReview-rating rating--small\" itemprop=\"reviewRating\" itemscope itemtype=\"http://schema.org/Rating\">\n                                {{> components/amp/products/ratings rating=rating}}\n                                <span class=\"productReview-ratingNumber\" itemprop=\"ratingValue\">{{ rating }}</span>\n                            </span>\n                            <h5 itemprop=\"name\" class=\"productReview-title\">{{ title }}</h5>\n                            {{#if name}}\n                                <meta itemprop=\"author\" content=\"{{name}}\">\n                                <p class=\"productReview-author\">\n                                    {{lang 'products.reviews.post_on_by' date=date name=name }}\n                                </p>\n                            {{else}}\n                                <p class=\"productReview-author\">\n                                    {{lang 'products.reviews.post_on_by' date=date name=(lang 'products.reviews.anonymous_poster')}}\n                                </p>\n                            {{/if}}\n                        </header>\n                        <p itemprop=\"reviewBody\" class=\"productReview-body\">{{nl2br text}}</p>\n                    </article>\n                </li>\n                {{/each}}\n            </ul>\n            {{> components/common/paginator pagination.reviews}}\n        </div>\n    </section>\n{{/if}}\n","components/amp/products/videos":"<section expanded class=\"productAccordion\" data-video-gallery>\n    <h4 class=\"productAccordion-title\">\n        {{lang 'products.videos.header'}}\n    </h4>\n    <div class=\"productAccordion-content\">\n        <amp-carousel width=\"640\"\n            height=\"490\"\n            layout=\"responsive\"\n            type=\"slides\">\n            {{#each this.list}}\n                <div>\n                    <div>\n                        <amp-youtube\n                            data-videoid=\"{{id}}\"\n                            layout=\"responsive\"\n                            width=\"640\"\n                            height=\"390\">\n                        </amp-youtube>\n                    </div>\n                    <div class=\"video-body\">\n                        <h5 class=\"video-title\">{{title_long}}</h5>\n                        <p class=\"video-description\">{{description_short}}</p>\n                    </div>\n                </div>\n            {{/each}}\n        </amp-carousel>\n    </div>\n</section>\n","components/common/paginator":"<div class=\"pagination\">\n    <ul class=\"pagination-list\">\n        {{#if previous}}\n            <li class=\"pagination-item pagination-item--previous\">\n                <a class=\"pagination-link\" href=\"{{previous}}\" {{#unless reload}}data-faceted-search-facet{{/unless}}>\n                    <i class=\"icon\" aria-hidden=\"true\">\n                        <svg>\n                            <use xmlns:xlink=\"http://www.w3.org/1999/xlink\" xlink:href=\"#icon-chevron-left\"></use>\n                        </svg>\n                    </i>\n                    {{lang 'common.previous'}}\n                </a>\n            </li>\n        {{/if}}\n        {{#each links}}\n            {{#if this.number '==' ../current}}\n                <li class=\"pagination-item pagination-item--current\">\n                    <a class=\"pagination-link\" href=\"{{this.url}}\" {{#unless reload}}data-faceted-search-facet{{/unless}}>{{this.number}}</a>\n                </li>\n            {{else}}\n                <li class=\"pagination-item\">\n                    <a class=\"pagination-link\" href=\"{{this.url}}\" {{#unless reload}}data-faceted-search-facet{{/unless}}>{{this.number}}</a>\n                </li>\n            {{/if}}\n        {{/each}}\n\n        {{#if next}}\n            <li class=\"pagination-item pagination-item--next\">\n                <a class=\"pagination-link\" href=\"{{next}}\" {{#unless reload}}data-faceted-search-facet{{/unless}}>\n                    {{lang 'common.next'}}\n                    <i class=\"icon\" aria-hidden=\"true\">\n                        <svg>\n                            <use xmlns:xlink=\"http://www.w3.org/1999/xlink\" xlink:href=\"#icon-chevron-right\"></use>\n                        </svg>\n                    </i>\n                </a>\n            </li>\n        {{/if}}\n    </ul>\n</div>\n","components/products/price":"{{#or has_options product.options.length}}\n    {{#if price.with_tax}}\n        <div class=\"price-section price-section--withTax\" {{#if schema_org}}itemprop=\"offers\" itemscope itemtype=\"http://schema.org/Offer\"{{/if}}>\n            {{#if price.rrp_with_tax}}\n                <span data-product-rrp-with-tax class=\"price price--rrp\">{{price.rrp_with_tax.formatted}}</span>\n            {{/if}}\n            {{#if page_type '!==' 'product'}}\n                {{#if theme_settings.price_as_low_as}}\n                    <span translate>As low as </span>\n                {{/if}}\n            {{/if}}\n            <span data-product-price-with-tax class=\"price\">{{price.with_tax.formatted}}</span>\n            {{#if price.without_tax}}\n                {{lang 'products.price_with_tax' tax_label=price.tax_label}}\n            {{/if}}\n        </div>\n    {{/if}}\n    {{#if price.without_tax}}\n        <div class=\"price-section price-section--withoutTax {{#if price.with_tax}}price-section--minor{{/if}}\"  {{#if schema_org}}itemprop=\"offers\" itemscope itemtype=\"http://schema.org/Offer\"{{/if}}>\n            {{#if price.rrp_without_tax}}\n                <span data-product-rrp-without-tax class=\"price price--rrp\">{{price.rrp_without_tax.formatted}}</span>\n            {{/if}}\n            {{#if schema_org}}\n                <meta itemprop=\"price\" content=\"{{price.without_tax.value}}\">\n                <meta itemprop=\"priceCurrency\" content=\"{{currency_selector.active_currency_code}}\">\n                <meta itemprop=\"availability\" content=\"{{product.availability}}\">\n                <meta itemprop=\"itemCondition\" itemtype=\"http://schema.org/OfferItemCondition\" content=\"http://schema.org/{{product.condition}}Condition\">\n            {{/if}}\n            {{#if page_type '!==' 'product'}}\n                {{#if theme_settings.price_as_low_as}}\n                    <span translate>As low as </span>\n                {{/if}}\n            {{/if}}\n            <span data-product-price-without-tax class=\"price price--withoutTax\">{{price.without_tax.formatted}}</span>\n            {{#if price.with_tax}}\n                <abbr title=\"{{lang 'products.excluding_tax'}}\">{{lang 'products.price_without_tax' tax_label=price.tax_label}}</abbr>\n            {{/if}}\n        </div>\n    {{/if}}\n    {{#if page_type '===' 'product'}}\n        {{#if price.saved}}\n            <div class=\"price-section price-section--saving\">\n                <span class=\"price\">\n                    {{lang 'products.you_save' amount=price.saved.formatted}}\n                </span>\n            </div>\n        {{/if}}\n    {{/if}}\n{{else}}\n    {{#if price.with_tax}}\n        <div class=\"price-section price-section--withTax\" {{#if schema_org}}itemprop=\"offers\" itemscope itemtype=\"http://schema.org/Offer\"{{/if}}>\n            {{#if price.rrp_with_tax}}\n                <span data-product-rrp-with-tax class=\"price price--rrp\">{{price.rrp_with_tax.formatted}}</span>\n            {{/if}}\n            <span data-product-price-with-tax class=\"price\">{{price.with_tax.formatted}}</span>\n            {{#if price.without_tax}}\n                {{lang 'products.price_with_tax' tax_label=price.tax_label}}\n            {{/if}}\n        </div>\n    {{/if}}\n    {{#if price.without_tax}}\n        <div class=\"price-section price-section--withoutTax {{#if price.with_tax}}price-section--minor{{/if}}\"  {{#if schema_org}}itemprop=\"offers\" itemscope itemtype=\"http://schema.org/Offer\"{{/if}}>\n            {{#if price.rrp_without_tax}}\n                <span data-product-rrp-without-tax class=\"price price--rrp\">{{price.rrp_without_tax.formatted}}</span>\n            {{/if}}\n            {{#if schema_org}}\n                <meta itemprop=\"price\" content=\"{{price.without_tax.value}}\">\n                <meta itemprop=\"priceCurrency\" content=\"{{currency_selector.active_currency_code}}\">\n            {{/if}}\n            <span data-product-price-without-tax class=\"price price--withoutTax\">{{price.without_tax.formatted}}</span>\n            {{#if price.with_tax}}\n                <abbr title=\"{{lang 'products.excluding_tax'}}\">{{lang 'products.price_without_tax' tax_label=price.tax_label}}</abbr>\n            {{/if}}\n        </div>\n    {{/if}}\n    {{#if page_type '===' 'product'}}\n        {{#if price.saved}}\n            <div class=\"price-section price-section--saving\">\n                <span class=\"price\">\n                    {{lang 'products.you_save' amount=price.saved.formatted}}\n                </span>\n            </div>\n        {{/if}}\n    {{/if}}\n{{/or}}"}
